model,rmse
SARIMAX_exog,299.2377417317815
ETS_add,303.0704321238083
SARIMA_no_exog,328.2798705765122
SeasonalNaive,335.24042545185813
