model,rmse,failures,items_used
ETS_add,3.4646638483115284,0,100
SARIMAX_exog,3.671931468339511,0,100
SeasonalNaive,3.781014603062441,0,100
SARIMA_no_exog,4.771952118234572,0,100
