lb_stat,lb_pvalue
538.0200486956061,5.337225392922903e-112
538.7290882409258,5.635348720008682e-106
540.653282417205,4.599552683938788e-101
542.0799137693391,1.3971963572726824e-96
