lb_stat,lb_pvalue
652.7091248920257,1.0764448377236664e-136
653.2041101279353,2.4736491967815196e-130
653.2041194969349,1.000345196243371e-124
653.2041266662254,1.1589769515281045e-119
