lb_stat,lb_pvalue
538.5178668763684,4.170768691890593e-112
539.2233515638042,4.425613413689629e-106
541.1355562398123,3.6446500657134594e-101
542.5515431920877,1.1161832287125214e-96
